Workbook

Sheet Maintainance_Log
A1: Date | B1: Equip_Code | C1: Equipment_Type | D1: Current_Operating_Hours | E1: Max_Operating_Hours | F1: Maintenance_Flag
A2: 46296 | B2: PMP-101 | C2: =VLOOKUP(B2,Reference_Data!A:C,2,FALSE) -> Centrifugal Pump | D2: 4850 | E2: =VLOOKUP(B2,Reference_Data!A:C,3,FALSE) -> 5000 | F2: =IF(D2>=E2,"INSPECT","OK") -> OK
A3: 46297 | B3: HX-201 | C3: =VLOOKUP(B3,Reference_Data!A:C,2,FALSE) -> Cryogenic Heat Exchanger | D3: 7100 | E3: =VLOOKUP(B3,Reference_Data!A:C,3,FALSE) -> 8000 | F3: =IF(D3>=E3,"INSPECT","OK") -> OK
A4: 46298 | B4: PMP-102 | C4: =VLOOKUP(B4,Reference_Data!A:C,2,FALSE) -> Positive Displacement Pump | D4: 4150 | E4: =VLOOKUP(B4,Reference_Data!A:C,3,FALSE) -> 4000 | F4: =IF(D4>=E4,"INSPECT","OK") -> INSPECT
A5: 46299 | B5: PMP-101 | C5: =VLOOKUP(B5,Reference_Data!A:C,2,FALSE) -> Centrifugal Pump | D5: 2100 | E5: =VLOOKUP(B5,Reference_Data!A:C,3,FALSE) -> 5000 | F5: =IF(D5>=E5,"INSPECT","OK") -> OK
A6: 46300 | B6: PMP-103 | C6: =VLOOKUP(B6,Reference_Data!A:C,2,FALSE) -> Rotary Gear Pump | D6: 4400 | E6: =VLOOKUP(B6,Reference_Data!A:C,3,FALSE) -> 4500 | F6: =IF(D6>=E6,"INSPECT","OK") -> OK
A7: 46301 | B7: HX-201 | C7: =VLOOKUP(B7,Reference_Data!A:C,2,FALSE) -> Cryogenic Heat Exchanger | D7: 8200 | E7: =VLOOKUP(B7,Reference_Data!A:C,3,FALSE) -> 8000 | F7: =IF(D7>=E7,"INSPECT","OK") -> INSPECT
A8: 46302 | B8: PMP-102 | C8: =VLOOKUP(B8,Reference_Data!A:C,2,FALSE) -> Positive Displacement Pump | D8: 3900 | E8: =VLOOKUP(B8,Reference_Data!A:C,3,FALSE) -> 4000 | F8: =IF(D8>=E8,"INSPECT","OK") -> OK

Sheet Reference_Data
A1: Equip_Code | B1: Equipment_Type | C1: Max_Operating_Hours
A2: PMP-101 | B2: Centrifugal Pump | C2: 5000
A3: PMP-102 | B3: Positive Displacement Pump | C3: 4000
A4: PMP-103 | B4: Rotary Gear Pump | C4: 4500
A5: HX-201 | B5: Cryogenic Heat Exchanger | C5: 8000
